STRUCTURE,STRUCTURE_ID,STRUCTURE_NAME,ACTION,REF_AREA,Reference area,FREQ,Frequency of observation,MEASURE,Measure,UNIT_MEASURE,Unit of measure,AGE,Age,SEX,Sex,SOCIO_ECON_STATUS,Socio-economic status,DEATH_CAUSE,Cause of death,CALC_METHODOLOGY,Calculation methodology,GESTATION_THRESHOLD,Gestation period threshold,HEALTH_STATUS,Health status,DISEASE,Disease,CANCER_SITE,Cancer site,TIME_PERIOD,Time period,OBS_VALUE,Observation value,DECIMALS,Decimals,OBS_STATUS,Observation status,OBS_STATUS2,Observation status 2,OBS_STATUS3,Observation status 3,UNIT_MULT,Unit multiplier
DATAFLOW,OECD.ELS.HD:DSD_HEALTH_STAT@DF_LE(1.0),Life expectancy,I,AUS,Australia,A,Annual,LFEXP,Life expectancy,Y,Years,Y65,65 years,F,Female,_Z,Not applicable,_Z,Not applicable,_Z,Not applicable,_Z,Not applicable,_Z,Not applicable,_Z,Not applicable,_Z,Not applicable,2010,,21.8,,,,,,,,,,,
DATAFLOW,OECD.ELS.HD:DSD_HEALTH_STAT@DF_LE(1.0),Life expectancy,I,AUS,Australia,A,Annual,LFEXP,Life expectancy,Y,Years,Y65,65 years,F,Female,_Z,Not applicable,_Z,Not applicable,_Z,Not applicable,_Z,Not applicable,_Z,Not applicable,_Z,Not applicable,_Z,Not applicable,2011,,22,,,,,,,,,,,
DATAFLOW,OECD.ELS.HD:DSD_HEALTH_STAT@DF_LE(1.0),Life expectancy,I,AUS,Australia,A,Annual,LFEXP,Life expectancy,Y,Years,Y65,65 years,F,Female,_Z,Not applicable,_Z,Not applicable,_Z,Not applicable,_Z,Not applicable,_Z,Not applicable,_Z,Not applicable,_Z,Not applicable,2012,,22,,,,,,,,,,,
DATAFLOW,OECD.ELS.HD:DSD_HEALTH_STAT@DF_LE(1.0),Life expectancy,I,AUS,Australia,A,Annual,LFEXP,Life expectancy,Y,Years,Y65,65 years,F,Female,_Z,Not applicable,_Z,Not applicable,_Z,Not applicable,_Z,Not applicable,_Z,Not applicable,_Z,Not applicable,_Z,Not applicable,2013,,22.1,,,,,,,,,,,
DATAFLOW,OECD.ELS.HD:DSD_HEALTH_STAT@DF_LE(1.0),Life expectancy,I,AUS,Australia,A,Annual,LFEXP,Life expectancy,Y,Years,Y65,65 years,F,Female,_Z,Not applicable,_Z,Not applicable,_Z,Not applicable,_Z,Not applicable,_Z,Not applicable,_Z,Not applicable,_Z,Not applicable,2014,,22.2,,,,,,,,,,,
DATAFLOW,OECD.ELS.HD:DSD_HEALTH_STAT@DF_LE(1.0),Life expectancy,I,AUS,Australia,A,Annual,LFEXP,Life expectancy,Y,Years,Y65,65 years,F,Female,_Z,Not applicable,_Z,Not applicable,_Z,Not applicable,_Z,Not applicable,_Z,Not applicable,_Z,Not applicable,_Z,Not applicable,2015,,22.3,,,,,,,,,,,
DATAFLOW,OECD.ELS.HD:DSD_HEALTH_STAT@DF_LE(1.0),Life expectancy,I,AUS,Australia,A,Annual,LFEXP,Life expectancy,Y,Years,Y65,65 years,F,Female,_Z,Not applicable,_Z,Not applicable,_Z,Not applicable,_Z,Not applicable,_Z,Not applicable,_Z,Not applicable,_Z,Not applicable,2016,,22.3,,,,,,,,,,,
DATAFLOW,OECD.ELS.HD:DSD_HEALTH_STAT@DF_LE(1.0),Life expectancy,I,AUS,Australia,A,Annual,LFEXP,Life expectancy,Y,Years,Y65,65 years,F,Female,_Z,Not applicable,_Z,Not applicable,_Z,Not applicable,_Z,Not applicable,_Z,Not applicable,_Z,Not applicable,_Z,Not applicable,2017,,22.3,,,,,,,,,,,
DATAFLOW,OECD.ELS.HD:DSD_HEALTH_STAT@DF_LE(1.0),Life expectancy,I,AUS,Australia,A,Annual,LFEXP,Life expectancy,Y,Years,Y65,65 years,F,Female,_Z,Not applicable,_Z,Not applicable,_Z,Not applicable,_Z,Not applicable,_Z,Not applicable,_Z,Not applicable,_Z,Not applicable,2018,,22.6,,,,,,,,,,,
DATAFLOW,OECD.ELS.HD:DSD_HEALTH_STAT@DF_LE(1.0),Life expectancy,I,AUS,Australia,A,Annual,LFEXP,Life expectancy,Y,Years,Y65,65 years,F,Female,_Z,Not applicable,_Z,Not applicable,_Z,Not applicable,_Z,Not applicable,_Z,Not applicable,_Z,Not applicable,_Z,Not applicable,2019,,22.7,,,,,,,,,,,
DATAFLOW,OECD.ELS.HD:DSD_HEALTH_STAT@DF_LE(1.0),Life expectancy,I,AUS,Australia,A,Annual,LFEXP,Life expectancy,Y,Years,Y65,65 years,F,Female,_Z,Not applicable,_Z,Not applicable,_Z,Not applicable,_Z,Not applicable,_Z,Not applicable,_Z,Not applicable,_Z,Not applicable,2020,,23,,,,,,,,,,,
DATAFLOW,OECD.ELS.HD:DSD_HEALTH_STAT@DF_LE(1.0),Life expectancy,I,AUS,Australia,A,Annual,LFEXP,Life expectancy,Y,Years,Y65,65 years,F,Female,_Z,Not applicable,_Z,Not applicable,_Z,Not applicable,_Z,Not applicable,_Z,Not applicable,_Z,Not applicable,_Z,Not applicable,2021,,23,,,,,,,,,,,
DATAFLOW,OECD.ELS.HD:DSD_HEALTH_STAT@DF_LE(1.0),Life expectancy,I,AUS,Australia,A,Annual,LFEXP,Life expectancy,Y,Years,Y60,60 years,F,Female,_Z,Not applicable,_Z,Not applicable,_Z,Not applicable,_Z,Not applicable,_Z,Not applicable,_Z,Not applicable,_Z,Not applicable,2010,,26.2,,,,,,,,,,,
DATAFLOW,OECD.ELS.HD:DSD_HEALTH_STAT@DF_LE(1.0),Life expectancy,I,AUS,Australia,A,Annual,LFEXP,Life expectancy,Y,Years,Y60,60 years,F,Female,_Z,Not applicable,_Z,Not applicable,_Z,Not applicable,_Z,Not applicable,_Z,Not applicable,_Z,Not applicable,_Z,Not applicable,2011,,26.4,,,,,,,,,,,
DATAFLOW,OECD.ELS.HD:DSD_HEALTH_STAT@DF_LE(1.0),Life expectancy,I,AUS,Australia,A,Annual,LFEXP,Life expectancy,Y,Years,Y60,60 years,F,Female,_Z,Not applicable,_Z,Not applicable,_Z,Not applicable,_Z,Not applicable,_Z,Not applicable,_Z,Not applicable,_Z,Not applicable,2012,,26.4,,,,,,,,,,,
DATAFLOW,OECD.ELS.HD:DSD_HEALTH_STAT@DF_LE(1.0),Life expectancy,I,AUS,Australia,A,Annual,LFEXP,Life expectancy,Y,Years,Y60,60 years,F,Female,_Z,Not applicable,_Z,Not applicable,_Z,Not applicable,_Z,Not applicable,_Z,Not applicable,_Z,Not applicable,_Z,Not applicable,2013,,26.5,,,,,,,,,,,
DATAFLOW,OECD.ELS.HD:DSD_HEALTH_STAT@DF_LE(1.0),Life expectancy,I,AUS,Australia,A,Annual,LFEXP,Life expectancy,Y,Years,Y60,60 years,F,Female,_Z,Not applicable,_Z,Not applicable,_Z,Not applicable,_Z,Not applicable,_Z,Not applicable,_Z,Not applicable,_Z,Not applicable,2014,,26.6,,,,,,,,,,,
DATAFLOW,OECD.ELS.HD:DSD_HEALTH_STAT@DF_LE(1.0),Life expectancy,I,AUS,Australia,A,Annual,LFEXP,Life expectancy,Y,Years,Y60,60 years,F,Female,_Z,Not applicable,_Z,Not applicable,_Z,Not applicable,_Z,Not applicable,_Z,Not applicable,_Z,Not applicable,_Z,Not applicable,2015,,26.7,,,,,,,,,,,
DATAFLOW,OECD.ELS.HD:DSD_HEALTH_STAT@DF_LE(1.0),Life expectancy,I,AUS,Australia,A,Annual,LFEXP,Life expectancy,Y,Years,Y60,60 years,F,Female,_Z,Not applicable,_Z,Not applicable,_Z,Not applicable,_Z,Not applicable,_Z,Not applicable,_Z,Not applicable,_Z,Not applicable,2016,,26.7,,,,,,,,,,,
DATAFLOW,OECD.ELS.HD:DSD_HEALTH_STAT@DF_LE(1.0),Life expectancy,I,AUS,Australia,A,Annual,LFEXP,Life expectancy,Y,Years,Y60,60 years,F,Female,_Z,Not applicable,_Z,Not applicable,_Z,Not applicable,_Z,Not applicable,_Z,Not applicable,_Z,Not applicable,_Z,Not applicable,2017,,26.8,,,,,,,,,,,
DATAFLOW,OECD.ELS.HD:DSD_HEALTH_STAT@DF_LE(1.0),Life expectancy,I,AUS,Australia,A,Annual,LFEXP,Life expectancy,Y,Years,Y60,60 years,F,Female,_Z,Not applicable,_Z,Not applicable,_Z,Not applicable,_Z,Not applicable,_Z,Not applicable,_Z,Not applicable,_Z,Not applicable,2018,,27,,,,,,,,,,,
DATAFLOW,OECD.ELS.HD:DSD_HEALTH_STAT@DF_LE(1.0),Life expectancy,I,AUS,Australia,A,Annual,LFEXP,Life expectancy,Y,Years,Y60,60 years,F,Female,_Z,Not applicable,_Z,Not applicable,_Z,Not applicable,_Z,Not applicable,_Z,Not applicable,_Z,Not applicable,_Z,Not applicable,2019,,27.1,,,,,,,,,,,
DATAFLOW,OECD.ELS.HD:DSD_HEALTH_STAT@DF_LE(1.0),Life expectancy,I,AUS,Australia,A,Annual,LFEXP,Life expectancy,Y,Years,Y60,60 years,F,Female,_Z,Not applicable,_Z,Not applicable,_Z,Not applicable,_Z,Not applicable,_Z,Not applicable,_Z,Not applicable,_Z,Not applicable,2020,,27.4,,,,,,,,,,,
DATAFLOW,OECD.ELS.HD:DSD_HEALTH_STAT@DF_LE(1.0),Life expectancy,I,AUS,Australia,A,Annual,LFEXP,Life expectancy,Y,Years,Y60,60 years,F,Female,_Z,Not applicable,_Z,Not applicable,_Z,Not applicable,_Z,Not applicable,_Z,Not applicable,_Z,Not applicable,_Z,Not applicable,2021,,27.4,,,,,,,,,,,
DATAFLOW,OECD.ELS.HD:DSD_HEALTH_STAT@DF_LE(1.0),Life expectancy,I,AUS,Australia,A,Annual,LFEXP,Life expectancy,Y,Years,Y80,80 years,F,Female,_Z,Not applicable,_Z,Not applicable,_Z,Not applicable,_Z,Not applicable,_Z,Not applicable,_Z,Not applicable,_Z,Not applicable,2010,,10.1,,,,,,,,,,,
DATAFLOW,OECD.ELS.HD:DSD_HEALTH_STAT@DF_LE(1.0),Life expectancy,I,AUS,Australia,A,Annual,LFEXP,Life expectancy,Y,Years,Y80,80 years,F,Female,_Z,Not applicable,_Z,Not applicable,_Z,Not applicable,_Z,Not applicable,_Z,Not applicable,_Z,Not applicable,_Z,Not applicable,2011,,10.2,,,,,,,,,,,
DATAFLOW,OECD.ELS.HD:DSD_HEALTH_STAT@DF_LE(1.0),Life expectancy,I,AUS,Australia,A,Annual,LFEXP,Life expectancy,Y,Years,Y80,80 years,F,Female,_Z,Not applicable,_Z,Not applicable,_Z,Not applicable,_Z,Not applicable,_Z,Not applicable,_Z,Not applicable,_Z,Not applicable,2012,,10.2,,,,,,,,,,,
DATAFLOW,OECD.ELS.HD:DSD_HEALTH_STAT@DF_LE(1.0),Life expectancy,I,AUS,Australia,A,Annual,LFEXP,Life expectancy,Y,Years,Y80,80 years,F,Female,_Z,Not applicable,_Z,Not applicable,_Z,Not applicable,_Z,Not applicable,_Z,Not applicable,_Z,Not applicable,_Z,Not applicable,2013,,10.2,,,,,,,,,,,
DATAFLOW,OECD.ELS.HD:DSD_HEALTH_STAT@DF_LE(1.0),Life expectancy,I,AUS,Australia,A,Annual,LFEXP,Life expectancy,Y,Years,Y80,80 years,F,Female,_Z,Not applicable,_Z,Not applicable,_Z,Not applicable,_Z,Not applicable,_Z,Not applicable,_Z,Not applicable,_Z,Not applicable,2014,,10.3,,,,,,,,,,,
DATAFLOW,OECD.ELS.HD:DSD_HEALTH_STAT@DF_LE(1.0),Life expectancy,I,AUS,Australia,A,Annual,LFEXP,Life expectancy,Y,Years,Y80,80 years,F,Female,_Z,Not applicable,_Z,Not applicable,_Z,Not applicable,_Z,Not applicable,_Z,Not applicable,_Z,Not applicable,_Z,Not applicable,2015,,10.4,,,,,,,,,,,
DATAFLOW,OECD.ELS.HD:DSD_HEALTH_STAT@DF_LE(1.0),Life expectancy,I,AUS,Australia,A,Annual,LFEXP,Life expectancy,Y,Years,Y80,80 years,F,Female,_Z,Not applicable,_Z,Not applicable,_Z,Not applicable,_Z,Not applicable,_Z,Not applicable,_Z,Not applicable,_Z,Not applicable,2016,,10.4,,,,,,,,,,,
DATAFLOW,OECD.ELS.HD:DSD_HEALTH_STAT@DF_LE(1.0),Life expectancy,I,AUS,Australia,A,Annual,LFEXP,Life expectancy,Y,Years,Y80,80 years,F,Female,_Z,Not applicable,_Z,Not applicable,_Z,Not applicable,_Z,Not applicable,_Z,Not applicable,_Z,Not applicable,_Z,Not applicable,2017,,10.4,,,,,,,,,,,
DATAFLOW,OECD.ELS.HD:DSD_HEALTH_STAT@DF_LE(1.0),Life expectancy,I,AUS,Australia,A,Annual,LFEXP,Life expectancy,Y,Years,Y80,80 years,F,Female,_Z,Not applicable,_Z,Not applicable,_Z,Not applicable,_Z,Not applicable,_Z,Not applicable,_Z,Not applicable,_Z,Not applicable,2018,,10.6,,,,,,,,,,,
DATAFLOW,OECD.ELS.HD:DSD_HEALTH_STAT@DF_LE(1.0),Life expectancy,I,AUS,Australia,A,Annual,LFEXP,Life expectancy,Y,Years,Y80,80 years,F,Female,_Z,Not applicable,_Z,Not applicable,_Z,Not applicable,_Z,Not applicable,_Z,Not applicable,_Z,Not applicable,_Z,Not applicable,2019,,10.7,,,,,,,,,,,
DATAFLOW,OECD.ELS.HD:DSD_HEALTH_STAT@DF_LE(1.0),Life expectancy,I,AUS,Australia,A,Annual,LFEXP,Life expectancy,Y,Years,Y80,80 years,F,Female,_Z,Not applicable,_Z,Not applicable,_Z,Not applicable,_Z,Not applicable,_Z,Not applicable,_Z,Not applicable,_Z,Not applicable,2020,,10.9,,,,,,,,,,,
DATAFLOW,OECD.ELS.HD:DSD_HEALTH_STAT@DF_LE(1.0),Life expectancy,I,AUS,Australia,A,Annual,LFEXP,Life expectancy,Y,Years,Y80,80 years,F,Female,_Z,Not applicable,_Z,Not applicable,_Z,Not applicable,_Z,Not applicable,_Z,Not applicable,_Z,Not applicable,_Z,Not applicable,2021,,10.9,,,,,,,,,,,
DATAFLOW,OECD.ELS.HD:DSD_HEALTH_STAT@DF_LE(1.0),Life expectancy,I,AUS,Australia,A,Annual,LFEXP,Life expectancy,Y,Years,Y65,65 years,M,Male,_Z,Not applicable,_Z,Not applicable,_Z,Not applicable,_Z,Not applicable,_Z,Not applicable,_Z,Not applicable,_Z,Not applicable,2010,,18.9,,,,,,,,,,,
DATAFLOW,OECD.ELS.HD:DSD_HEALTH_STAT@DF_LE(1.0),Life expectancy,I,AUS,Australia,A,Annual,LFEXP,Life expectancy,Y,Years,Y65,65 years,M,Male,_Z,Not applicable,_Z,Not applicable,_Z,Not applicable,_Z,Not applicable,_Z,Not applicable,_Z,Not applicable,_Z,Not applicable,2011,,19.1,,,,,,,,,,,
DATAFLOW,OECD.ELS.HD:DSD_HEALTH_STAT@DF_LE(1.0),Life expectancy,I,AUS,Australia,A,Annual,LFEXP,Life expectancy,Y,Years,Y65,65 years,M,Male,_Z,Not applicable,_Z,Not applicable,_Z,Not applicable,_Z,Not applicable,_Z,Not applicable,_Z,Not applicable,_Z,Not applicable,2012,,19.1,,,,,,,,,,,
DATAFLOW,OECD.ELS.HD:DSD_HEALTH_STAT@DF_LE(1.0),Life expectancy,I,AUS,Australia,A,Annual,LFEXP,Life expectancy,Y,Years,Y65,65 years,M,Male,_Z,Not applicable,_Z,Not applicable,_Z,Not applicable,_Z,Not applicable,_Z,Not applicable,_Z,Not applicable,_Z,Not applicable,2013,,19.2,,,,,,,,,,,
DATAFLOW,OECD.ELS.HD:DSD_HEALTH_STAT@DF_LE(1.0),Life expectancy,I,AUS,Australia,A,Annual,LFEXP,Life expectancy,Y,Years,Y65,65 years,M,Male,_Z,Not applicable,_Z,Not applicable,_Z,Not applicable,_Z,Not applicable,_Z,Not applicable,_Z,Not applicable,_Z,Not applicable,2014,,19.4,,,,,,,,,,,
DATAFLOW,OECD.ELS.HD:DSD_HEALTH_STAT@DF_LE(1.0),Life expectancy,I,AUS,Australia,A,Annual,LFEXP,Life expectancy,Y,Years,Y65,65 years,M,Male,_Z,Not applicable,_Z,Not applicable,_Z,Not applicable,_Z,Not applicable,_Z,Not applicable,_Z,Not applicable,_Z,Not applicable,2015,,19.5,,,,,,,,,,,
DATAFLOW,OECD.ELS.HD:DSD_HEALTH_STAT@DF_LE(1.0),Life expectancy,I,AUS,Australia,A,Annual,LFEXP,Life expectancy,Y,Years,Y65,65 years,M,Male,_Z,Not applicable,_Z,Not applicable,_Z,Not applicable,_Z,Not applicable,_Z,Not applicable,_Z,Not applicable,_Z,Not applicable,2016,,19.6,,,,,,,,,,,
DATAFLOW,OECD.ELS.HD:DSD_HEALTH_STAT@DF_LE(1.0),Life expectancy,I,AUS,Australia,A,Annual,LFEXP,Life expectancy,Y,Years,Y65,65 years,M,Male,_Z,Not applicable,_Z,Not applicable,_Z,Not applicable,_Z,Not applicable,_Z,Not applicable,_Z,Not applicable,_Z,Not applicable,2017,,19.7,,,,,,,,,,,
DATAFLOW,OECD.ELS.HD:DSD_HEALTH_STAT@DF_LE(1.0),Life expectancy,I,AUS,Australia,A,Annual,LFEXP,Life expectancy,Y,Years,Y65,65 years,M,Male,_Z,Not applicable,_Z,Not applicable,_Z,Not applicable,_Z,Not applicable,_Z,Not applicable,_Z,Not applicable,_Z,Not applicable,2018,,19.9,,,,,,,,,,,
DATAFLOW,OECD.ELS.HD:DSD_HEALTH_STAT@DF_LE(1.0),Life expectancy,I,AUS,Australia,A,Annual,LFEXP,Life expectancy,Y,Years,Y65,65 years,M,Male,_Z,Not applicable,_Z,Not applicable,_Z,Not applicable,_Z,Not applicable,_Z,Not applicable,_Z,Not applicable,_Z,Not applicable,2019,,20,,,,,,,,,,,
DATAFLOW,OECD.ELS.HD:DSD_HEALTH_STAT@DF_LE(1.0),Life expectancy,I,AUS,Australia,A,Annual,LFEXP,Life expectancy,Y,Years,Y65,65 years,M,Male,_Z,Not applicable,_Z,Not applicable,_Z,Not applicable,_Z,Not applicable,_Z,Not applicable,_Z,Not applicable,_Z,Not applicable,2020,,20.3,,,,,,,,,,,
DATAFLOW,OECD.ELS.HD:DSD_HEALTH_STAT@DF_LE(1.0),Life expectancy,I,AUS,Australia,A,Annual,LFEXP,Life expectancy,Y,Years,Y65,65 years,M,Male,_Z,Not applicable,_Z,Not applicable,_Z,Not applicable,_Z,Not applicable,_Z,Not applicable,_Z,Not applicable,_Z,Not applicable,2021,,20.3,,,,,,,,,,,
DATAFLOW,OECD.ELS.HD:DSD_HEALTH_STAT@DF_LE(1.0),Life expectancy,I,AUS,Australia,A,Annual,LFEXP,Life expectancy,Y,Years,Y40,40 years,F,Female,_Z,Not applicable,_Z,Not applicable,_Z,Not applicable,_Z,Not applicable,_Z,Not applicable,_Z,Not applicable,_Z,Not applicable,2010,,44.9,,,,,,,,,,,
DATAFLOW,OECD.ELS.HD:DSD_HEALTH_STAT@DF_LE(1.0),Life expectancy,I,AUS,Australia,A,Annual,LFEXP,Life expectancy,Y,Years,Y40,40 years,F,Female,_Z,Not applicable,_Z,Not applicable,_Z,Not applicable,_Z,Not applicable,_Z,Not applicable,_Z,Not applicable,_Z,Not applicable,2011,,45.1,,,,,,,,,,,
DATAFLOW,OECD.ELS.HD:DSD_HEALTH_STAT@DF_LE(1.0),Life expectancy,I,AUS,Australia,A,Annual,LFEXP,Life expectancy,Y,Years,Y40,40 years,F,Female,_Z,Not applicable,_Z,Not applicable,_Z,Not applicable,_Z,Not applicable,_Z,Not applicable,_Z,Not applicable,_Z,Not applicable,2012,,45.2,,,,,,,,,,,
DATAFLOW,OECD.ELS.HD:DSD_HEALTH_STAT@DF_LE(1.0),Life expectancy,I,AUS,Australia,A,Annual,LFEXP,Life expectancy,Y,Years,Y40,40 years,F,Female,_Z,Not applicable,_Z,Not applicable,_Z,Not applicable,_Z,Not applicable,_Z,Not applicable,_Z,Not applicable,_Z,Not applicable,2013,,45.2,,,,,,,,,,,
DATAFLOW,OECD.ELS.HD:DSD_HEALTH_STAT@DF_LE(1.0),Life expectancy,I,AUS,Australia,A,Annual,LFEXP,Life expectancy,Y,Years,Y40,40 years,F,Female,_Z,Not applicable,_Z,Not applicable,_Z,Not applicable,_Z,Not applicable,_Z,Not applicable,_Z,Not applicable,_Z,Not applicable,2014,,45.3,,,,,,,,,,,
DATAFLOW,OECD.ELS.HD:DSD_HEALTH_STAT@DF_LE(1.0),Life expectancy,I,AUS,Australia,A,Annual,LFEXP,Life expectancy,Y,Years,Y40,40 years,F,Female,_Z,Not applicable,_Z,Not applicable,_Z,Not applicable,_Z,Not applicable,_Z,Not applicable,_Z,Not applicable,_Z,Not applicable,2015,,45.4,,,,,,,,,,,
DATAFLOW,OECD.ELS.HD:DSD_HEALTH_STAT@DF_LE(1.0),Life expectancy,I,AUS,Australia,A,Annual,LFEXP,Life expectancy,Y,Years,Y40,40 years,F,Female,_Z,Not applicable,_Z,Not applicable,_Z,Not applicable,_Z,Not applicable,_Z,Not applicable,_Z,Not applicable,_Z,Not applicable,2016,,45.4,,,,,,,,,,,
DATAFLOW,OECD.ELS.HD:DSD_HEALTH_STAT@DF_LE(1.0),Life expectancy,I,AUS,Australia,A,Annual,LFEXP,Life expectancy,Y,Years,Y40,40 years,F,Female,_Z,Not applicable,_Z,Not applicable,_Z,Not applicable,_Z,Not applicable,_Z,Not applicable,_Z,Not applicable,_Z,Not applicable,2017,,45.5,,,,,,,,,,,
DATAFLOW,OECD.ELS.HD:DSD_HEALTH_STAT@DF_LE(1.0),Life expectancy,I,AUS,Australia,A,Annual,LFEXP,Life expectancy,Y,Years,Y40,40 years,F,Female,_Z,Not applicable,_Z,Not applicable,_Z,Not applicable,_Z,Not applicable,_Z,Not applicable,_Z,Not applicable,_Z,Not applicable,2018,,45.7,,,,,,,,,,,
DATAFLOW,OECD.ELS.HD:DSD_HEALTH_STAT@DF_LE(1.0),Life expectancy,I,AUS,Australia,A,Annual,LFEXP,Life expectancy,Y,Years,Y40,40 years,F,Female,_Z,Not applicable,_Z,Not applicable,_Z,Not applicable,_Z,Not applicable,_Z,Not applicable,_Z,Not applicable,_Z,Not applicable,2019,,45.9,,,,,,,,,,,
DATAFLOW,OECD.ELS.HD:DSD_HEALTH_STAT@DF_LE(1.0),Life expectancy,I,AUS,Australia,A,Annual,LFEXP,Life expectancy,Y,Years,Y40,40 years,F,Female,_Z,Not applicable,_Z,Not applicable,_Z,Not applicable,_Z,Not applicable,_Z,Not applicable,_Z,Not applicable,_Z,Not applicable,2020,,46.1,,,,,,,,,,,
DATAFLOW,OECD.ELS.HD:DSD_HEALTH_STAT@DF_LE(1.0),Life expectancy,I,AUS,Australia,A,Annual,LFEXP,Life expectancy,Y,Years,Y40,40 years,F,Female,_Z,Not applicable,_Z,Not applicable,_Z,Not applicable,_Z,Not applicable,_Z,Not applicable,_Z,Not applicable,_Z,Not applicable,2021,,46.2,,,,,,,,,,,
DATAFLOW,OECD.ELS.HD:DSD_HEALTH_STAT@DF_LE(1.0),Life expectancy,I,AUS,Australia,A,Annual,LFEXP,Life expectancy,Y,Years,Y0,0 years,F,Female,_Z,Not applicable,_Z,Not applicable,_Z,Not applicable,_Z,Not applicable,_Z,Not applicable,_Z,Not applicable,_Z,Not applicable,2010,,84,,,,,,,,,,,
DATAFLOW,OECD.ELS.HD:DSD_HEALTH_STAT@DF_LE(1.0),Life expectancy,I,AUS,Australia,A,Annual,LFEXP,Life expectancy,Y,Years,Y0,0 years,F,Female,_Z,Not applicable,_Z,Not applicable,_Z,Not applicable,_Z,Not applicable,_Z,Not applicable,_Z,Not applicable,_Z,Not applicable,2011,,84.2,,,,,,,,,,,
DATAFLOW,OECD.ELS.HD:DSD_HEALTH_STAT@DF_LE(1.0),Life expectancy,I,AUS,Australia,A,Annual,LFEXP,Life expectancy,Y,Years,Y0,0 years,F,Female,_Z,Not applicable,_Z,Not applicable,_Z,Not applicable,_Z,Not applicable,_Z,Not applicable,_Z,Not applicable,_Z,Not applicable,2012,,84.3,,,,,,,,,,,
DATAFLOW,OECD.ELS.HD:DSD_HEALTH_STAT@DF_LE(1.0),Life expectancy,I,AUS,Australia,A,Annual,LFEXP,Life expectancy,Y,Years,Y0,0 years,F,Female,_Z,Not applicable,_Z,Not applicable,_Z,Not applicable,_Z,Not applicable,_Z,Not applicable,_Z,Not applicable,_Z,Not applicable,2013,,84.3,,,,,,,,,,,
DATAFLOW,OECD.ELS.HD:DSD_HEALTH_STAT@DF_LE(1.0),Life expectancy,I,AUS,Australia,A,Annual,LFEXP,Life expectancy,Y,Years,Y0,0 years,F,Female,_Z,Not applicable,_Z,Not applicable,_Z,Not applicable,_Z,Not applicable,_Z,Not applicable,_Z,Not applicable,_Z,Not applicable,2014,,84.4,,,,,,,,,,,
DATAFLOW,OECD.ELS.HD:DSD_HEALTH_STAT@DF_LE(1.0),Life expectancy,I,AUS,Australia,A,Annual,LFEXP,Life expectancy,Y,Years,Y0,0 years,F,Female,_Z,Not applicable,_Z,Not applicable,_Z,Not applicable,_Z,Not applicable,_Z,Not applicable,_Z,Not applicable,_Z,Not applicable,2015,,84.5,,,,,,,,,,,
DATAFLOW,OECD.ELS.HD:DSD_HEALTH_STAT@DF_LE(1.0),Life expectancy,I,AUS,Australia,A,Annual,LFEXP,Life expectancy,Y,Years,Y0,0 years,F,Female,_Z,Not applicable,_Z,Not applicable,_Z,Not applicable,_Z,Not applicable,_Z,Not applicable,_Z,Not applicable,_Z,Not applicable,2016,,84.6,,,,,,,,,,,
DATAFLOW,OECD.ELS.HD:DSD_HEALTH_STAT@DF_LE(1.0),Life expectancy,I,AUS,Australia,A,Annual,LFEXP,Life expectancy,Y,Years,Y0,0 years,F,Female,_Z,Not applicable,_Z,Not applicable,_Z,Not applicable,_Z,Not applicable,_Z,Not applicable,_Z,Not applicable,_Z,Not applicable,2017,,84.6,,,,,,,,,,,
DATAFLOW,OECD.ELS.HD:DSD_HEALTH_STAT@DF_LE(1.0),Life expectancy,I,AUS,Australia,A,Annual,LFEXP,Life expectancy,Y,Years,Y0,0 years,F,Female,_Z,Not applicable,_Z,Not applicable,_Z,Not applicable,_Z,Not applicable,_Z,Not applicable,_Z,Not applicable,_Z,Not applicable,2018,,84.9,,,,,,,,,,,
DATAFLOW,OECD.ELS.HD:DSD_HEALTH_STAT@DF_LE(1.0),Life expectancy,I,AUS,Australia,A,Annual,LFEXP,Life expectancy,Y,Years,Y0,0 years,F,Female,_Z,Not applicable,_Z,Not applicable,_Z,Not applicable,_Z,Not applicable,_Z,Not applicable,_Z,Not applicable,_Z,Not applicable,2019,,85,,,,,,,,,,,
DATAFLOW,OECD.ELS.HD:DSD_HEALTH_STAT@DF_LE(1.0),Life expectancy,I,AUS,Australia,A,Annual,LFEXP,Life expectancy,Y,Years,Y0,0 years,F,Female,_Z,Not applicable,_Z,Not applicable,_Z,Not applicable,_Z,Not applicable,_Z,Not applicable,_Z,Not applicable,_Z,Not applicable,2020,,85.3,,,,,,,,,,,
DATAFLOW,OECD.ELS.HD:DSD_HEALTH_STAT@DF_LE(1.0),Life expectancy,I,AUS,Australia,A,Annual,LFEXP,Life expectancy,Y,Years,Y0,0 years,F,Female,_Z,Not applicable,_Z,Not applicable,_Z,Not applicable,_Z,Not applicable,_Z,Not applicable,_Z,Not applicable,_Z,Not applicable,2021,,85.4,,,,,,,,,,,
DATAFLOW,OECD.ELS.HD:DSD_HEALTH_STAT@DF_LE(1.0),Life expectancy,I,AUS,Australia,A,Annual,LFEXP,Life expectancy,Y,Years,Y80,80 years,M,Male,_Z,Not applicable,_Z,Not applicable,_Z,Not applicable,_Z,Not applicable,_Z,Not applicable,_Z,Not applicable,_Z,Not applicable,2010,,8.5,,,,,,,,,,,
DATAFLOW,OECD.ELS.HD:DSD_HEALTH_STAT@DF_LE(1.0),Life expectancy,I,AUS,Australia,A,Annual,LFEXP,Life expectancy,Y,Years,Y80,80 years,M,Male,_Z,Not applicable,_Z,Not applicable,_Z,Not applicable,_Z,Not applicable,_Z,Not applicable,_Z,Not applicable,_Z,Not applicable,2011,,8.6,,,,,,,,,,,
DATAFLOW,OECD.ELS.HD:DSD_HEALTH_STAT@DF_LE(1.0),Life expectancy,I,AUS,Australia,A,Annual,LFEXP,Life expectancy,Y,Years,Y80,80 years,M,Male,_Z,Not applicable,_Z,Not applicable,_Z,Not applicable,_Z,Not applicable,_Z,Not applicable,_Z,Not applicable,_Z,Not applicable,2012,,8.6,,,,,,,,,,,
DATAFLOW,OECD.ELS.HD:DSD_HEALTH_STAT@DF_LE(1.0),Life expectancy,I,AUS,Australia,A,Annual,LFEXP,Life expectancy,Y,Years,Y80,80 years,M,Male,_Z,Not applicable,_Z,Not applicable,_Z,Not applicable,_Z,Not applicable,_Z,Not applicable,_Z,Not applicable,_Z,Not applicable,2013,,8.6,,,,,,,,,,,
DATAFLOW,OECD.ELS.HD:DSD_HEALTH_STAT@DF_LE(1.0),Life expectancy,I,AUS,Australia,A,Annual,LFEXP,Life expectancy,Y,Years,Y80,80 years,M,Male,_Z,Not applicable,_Z,Not applicable,_Z,Not applicable,_Z,Not applicable,_Z,Not applicable,_Z,Not applicable,_Z,Not applicable,2014,,8.7,,,,,,,,,,,
DATAFLOW,OECD.ELS.HD:DSD_HEALTH_STAT@DF_LE(1.0),Life expectancy,I,AUS,Australia,A,Annual,LFEXP,Life expectancy,Y,Years,Y80,80 years,M,Male,_Z,Not applicable,_Z,Not applicable,_Z,Not applicable,_Z,Not applicable,_Z,Not applicable,_Z,Not applicable,_Z,Not applicable,2015,,8.8,,,,,,,,,,,
DATAFLOW,OECD.ELS.HD:DSD_HEALTH_STAT@DF_LE(1.0),Life expectancy,I,AUS,Australia,A,Annual,LFEXP,Life expectancy,Y,Years,Y80,80 years,M,Male,_Z,Not applicable,_Z,Not applicable,_Z,Not applicable,_Z,Not applicable,_Z,Not applicable,_Z,Not applicable,_Z,Not applicable,2016,,8.9,,,,,,,,,,,
DATAFLOW,OECD.ELS.HD:DSD_HEALTH_STAT@DF_LE(1.0),Life expectancy,I,AUS,Australia,A,Annual,LFEXP,Life expectancy,Y,Years,Y80,80 years,M,Male,_Z,Not applicable,_Z,Not applicable,_Z,Not applicable,_Z,Not applicable,_Z,Not applicable,_Z,Not applicable,_Z,Not applicable,2017,,8.9,,,,,,,,,,,
DATAFLOW,OECD.ELS.HD:DSD_HEALTH_STAT@DF_LE(1.0),Life expectancy,I,AUS,Australia,A,Annual,LFEXP,Life expectancy,Y,Years,Y80,80 years,M,Male,_Z,Not applicable,_Z,Not applicable,_Z,Not applicable,_Z,Not applicable,_Z,Not applicable,_Z,Not applicable,_Z,Not applicable,2018,,9.1,,,,,,,,,,,
DATAFLOW,OECD.ELS.HD:DSD_HEALTH_STAT@DF_LE(1.0),Life expectancy,I,AUS,Australia,A,Annual,LFEXP,Life expectancy,Y,Years,Y80,80 years,M,Male,_Z,Not applicable,_Z,Not applicable,_Z,Not applicable,_Z,Not applicable,_Z,Not applicable,_Z,Not applicable,_Z,Not applicable,2019,,9.2,,,,,,,,,,,
DATAFLOW,OECD.ELS.HD:DSD_HEALTH_STAT@DF_LE(1.0),Life expectancy,I,AUS,Australia,A,Annual,LFEXP,Life expectancy,Y,Years,Y80,80 years,M,Male,_Z,Not applicable,_Z,Not applicable,_Z,Not applicable,_Z,Not applicable,_Z,Not applicable,_Z,Not applicable,_Z,Not applicable,2020,,9.3,,,,,,,,,,,
DATAFLOW,OECD.ELS.HD:DSD_HEALTH_STAT@DF_LE(1.0),Life expectancy,I,AUS,Australia,A,Annual,LFEXP,Life expectancy,Y,Years,Y80,80 years,M,Male,_Z,Not applicable,_Z,Not applicable,_Z,Not applicable,_Z,Not applicable,_Z,Not applicable,_Z,Not applicable,_Z,Not applicable,2021,,9.4,,,,,,,,,,,
DATAFLOW,OECD.ELS.HD:DSD_HEALTH_STAT@DF_LE(1.0),Life expectancy,I,AUS,Australia,A,Annual,LFEXP,Life expectancy,Y,Years,Y0,0 years,M,Male,_Z,Not applicable,_Z,Not applicable,_Z,Not applicable,_Z,Not applicable,_Z,Not applicable,_Z,Not applicable,_Z,Not applicable,2010,,79.5,,,,,,,,,,,
DATAFLOW,OECD.ELS.HD:DSD_HEALTH_STAT@DF_LE(1.0),Life expectancy,I,AUS,Australia,A,Annual,LFEXP,Life expectancy,Y,Years,Y0,0 years,M,Male,_Z,Not applicable,_Z,Not applicable,_Z,Not applicable,_Z,Not applicable,_Z,Not applicable,_Z,Not applicable,_Z,Not applicable,2011,,79.7,,,,,,,,,,,
DATAFLOW,OECD.ELS.HD:DSD_HEALTH_STAT@DF_LE(1.0),Life expectancy,I,AUS,Australia,A,Annual,LFEXP,Life expectancy,Y,Years,Y0,0 years,M,Male,_Z,Not applicable,_Z,Not applicable,_Z,Not applicable,_Z,Not applicable,_Z,Not applicable,_Z,Not applicable,_Z,Not applicable,2012,,79.9,,,,,,,,,,,
DATAFLOW,OECD.ELS.HD:DSD_HEALTH_STAT@DF_LE(1.0),Life expectancy,I,AUS,Australia,A,Annual,LFEXP,Life expectancy,Y,Years,Y0,0 years,M,Male,_Z,Not applicable,_Z,Not applicable,_Z,Not applicable,_Z,Not applicable,_Z,Not applicable,_Z,Not applicable,_Z,Not applicable,2013,,80.1,,,,,,,,,,,
DATAFLOW,OECD.ELS.HD:DSD_HEALTH_STAT@DF_LE(1.0),Life expectancy,I,AUS,Australia,A,Annual,LFEXP,Life expectancy,Y,Years,Y0,0 years,M,Male,_Z,Not applicable,_Z,Not applicable,_Z,Not applicable,_Z,Not applicable,_Z,Not applicable,_Z,Not applicable,_Z,Not applicable,2014,,80.3,,,,,,,,,,,
DATAFLOW,OECD.ELS.HD:DSD_HEALTH_STAT@DF_LE(1.0),Life expectancy,I,AUS,Australia,A,Annual,LFEXP,Life expectancy,Y,Years,Y0,0 years,M,Male,_Z,Not applicable,_Z,Not applicable,_Z,Not applicable,_Z,Not applicable,_Z,Not applicable,_Z,Not applicable,_Z,Not applicable,2015,,80.4,,,,,,,,,,,
DATAFLOW,OECD.ELS.HD:DSD_HEALTH_STAT@DF_LE(1.0),Life expectancy,I,AUS,Australia,A,Annual,LFEXP,Life expectancy,Y,Years,Y0,0 years,M,Male,_Z,Not applicable,_Z,Not applicable,_Z,Not applicable,_Z,Not applicable,_Z,Not applicable,_Z,Not applicable,_Z,Not applicable,2016,,80.4,,,,,,,,,,,
DATAFLOW,OECD.ELS.HD:DSD_HEALTH_STAT@DF_LE(1.0),Life expectancy,I,AUS,Australia,A,Annual,LFEXP,Life expectancy,Y,Years,Y0,0 years,M,Male,_Z,Not applicable,_Z,Not applicable,_Z,Not applicable,_Z,Not applicable,_Z,Not applicable,_Z,Not applicable,_Z,Not applicable,2017,,80.5,,,,,,,,,,,
DATAFLOW,OECD.ELS.HD:DSD_HEALTH_STAT@DF_LE(1.0),Life expectancy,I,AUS,Australia,A,Annual,LFEXP,Life expectancy,Y,Years,Y0,0 years,M,Male,_Z,Not applicable,_Z,Not applicable,_Z,Not applicable,_Z,Not applicable,_Z,Not applicable,_Z,Not applicable,_Z,Not applicable,2018,,80.7,,,,,,,,,,,
DATAFLOW,OECD.ELS.HD:DSD_HEALTH_STAT@DF_LE(1.0),Life expectancy,I,AUS,Australia,A,Annual,LFEXP,Life expectancy,Y,Years,Y0,0 years,M,Male,_Z,Not applicable,_Z,Not applicable,_Z,Not applicable,_Z,Not applicable,_Z,Not applicable,_Z,Not applicable,_Z,Not applicable,2019,,80.9,,,,,,,,,,,
DATAFLOW,OECD.ELS.HD:DSD_HEALTH_STAT@DF_LE(1.0),Life expectancy,I,AUS,Australia,A,Annual,LFEXP,Life expectancy,Y,Years,Y0,0 years,M,Male,_Z,Not applicable,_Z,Not applicable,_Z,Not applicable,_Z,Not applicable,_Z,Not applicable,_Z,Not applicable,_Z,Not applicable,2020,,81.2,,,,,,,,,,,
DATAFLOW,OECD.ELS.HD:DSD_HEALTH_STAT@DF_LE(1.0),Life expectancy,I,AUS,Australia,A,Annual,LFEXP,Life expectancy,Y,Years,Y0,0 years,M,Male,_Z,Not applicable,_Z,Not applicable,_Z,Not applicable,_Z,Not applicable,_Z,Not applicable,_Z,Not applicable,_Z,Not applicable,2021,,81.3,,,,,,,,,,,
DATAFLOW,OECD.ELS.HD:DSD_HEALTH_STAT@DF_LE(1.0),Life expectancy,I,AUS,Australia,A,Annual,LFEXP,Life expectancy,Y,Years,Y60,60 years,M,Male,_Z,Not applicable,_Z,Not applicable,_Z,Not applicable,_Z,Not applicable,_Z,Not applicable,_Z,Not applicable,_Z,Not applicable,2010,,23,,,,,,,,,,,
DATAFLOW,OECD.ELS.HD:DSD_HEALTH_STAT@DF_LE(1.0),Life expectancy,I,AUS,Australia,A,Annual,LFEXP,Life expectancy,Y,Years,Y60,60 years,M,Male,_Z,Not applicable,_Z,Not applicable,_Z,Not applicable,_Z,Not applicable,_Z,Not applicable,_Z,Not applicable,_Z,Not applicable,2011,,23.2,,,,,,,,,,,
DATAFLOW,OECD.ELS.HD:DSD_HEALTH_STAT@DF_LE(1.0),Life expectancy,I,AUS,Australia,A,Annual,LFEXP,Life expectancy,Y,Years,Y60,60 years,M,Male,_Z,Not applicable,_Z,Not applicable,_Z,Not applicable,_Z,Not applicable,_Z,Not applicable,_Z,Not applicable,_Z,Not applicable,2012,,23.3,,,,,,,,,,,
DATAFLOW,OECD.ELS.HD:DSD_HEALTH_STAT@DF_LE(1.0),Life expectancy,I,AUS,Australia,A,Annual,LFEXP,Life expectancy,Y,Years,Y60,60 years,M,Male,_Z,Not applicable,_Z,Not applicable,_Z,Not applicable,_Z,Not applicable,_Z,Not applicable,_Z,Not applicable,_Z,Not applicable,2013,,23.4,,,,,,,,,,,
DATAFLOW,OECD.ELS.HD:DSD_HEALTH_STAT@DF_LE(1.0),Life expectancy,I,AUS,Australia,A,Annual,LFEXP,Life expectancy,Y,Years,Y60,60 years,M,Male,_Z,Not applicable,_Z,Not applicable,_Z,Not applicable,_Z,Not applicable,_Z,Not applicable,_Z,Not applicable,_Z,Not applicable,2014,,23.5,,,,,,,,,,,
DATAFLOW,OECD.ELS.HD:DSD_HEALTH_STAT@DF_LE(1.0),Life expectancy,I,AUS,Australia,A,Annual,LFEXP,Life expectancy,Y,Years,Y60,60 years,M,Male,_Z,Not applicable,_Z,Not applicable,_Z,Not applicable,_Z,Not applicable,_Z,Not applicable,_Z,Not applicable,_Z,Not applicable,2015,,23.7,,,,,,,,,,,
DATAFLOW,OECD.ELS.HD:DSD_HEALTH_STAT@DF_LE(1.0),Life expectancy,I,AUS,Australia,A,Annual,LFEXP,Life expectancy,Y,Years,Y60,60 years,M,Male,_Z,Not applicable,_Z,Not applicable,_Z,Not applicable,_Z,Not applicable,_Z,Not applicable,_Z,Not applicable,_Z,Not applicable,2016,,23.8,,,,,,,,,,,
DATAFLOW,OECD.ELS.HD:DSD_HEALTH_STAT@DF_LE(1.0),Life expectancy,I,AUS,Australia,A,Annual,LFEXP,Life expectancy,Y,Years,Y60,60 years,M,Male,_Z,Not applicable,_Z,Not applicable,_Z,Not applicable,_Z,Not applicable,_Z,Not applicable,_Z,Not applicable,_Z,Not applicable,2017,,23.8,,,,,,,,,,,
DATAFLOW,OECD.ELS.HD:DSD_HEALTH_STAT@DF_LE(1.0),Life expectancy,I,AUS,Australia,A,Annual,LFEXP,Life expectancy,Y,Years,Y60,60 years,M,Male,_Z,Not applicable,_Z,Not applicable,_Z,Not applicable,_Z,Not applicable,_Z,Not applicable,_Z,Not applicable,_Z,Not applicable,2018,,24,,,,,,,,,,,
DATAFLOW,OECD.ELS.HD:DSD_HEALTH_STAT@DF_LE(1.0),Life expectancy,I,AUS,Australia,A,Annual,LFEXP,Life expectancy,Y,Years,Y60,60 years,M,Male,_Z,Not applicable,_Z,Not applicable,_Z,Not applicable,_Z,Not applicable,_Z,Not applicable,_Z,Not applicable,_Z,Not applicable,2019,,24.1,,,,,,,,,,,
DATAFLOW,OECD.ELS.HD:DSD_HEALTH_STAT@DF_LE(1.0),Life expectancy,I,AUS,Australia,A,Annual,LFEXP,Life expectancy,Y,Years,Y60,60 years,M,Male,_Z,Not applicable,_Z,Not applicable,_Z,Not applicable,_Z,Not applicable,_Z,Not applicable,_Z,Not applicable,_Z,Not applicable,2020,,24.4,,,,,,,,,,,
DATAFLOW,OECD.ELS.HD:DSD_HEALTH_STAT@DF_LE(1.0),Life expectancy,I,AUS,Australia,A,Annual,LFEXP,Life expectancy,Y,Years,Y60,60 years,M,Male,_Z,Not applicable,_Z,Not applicable,_Z,Not applicable,_Z,Not applicable,_Z,Not applicable,_Z,Not applicable,_Z,Not applicable,2021,,24.5,,,,,,,,,,,
DATAFLOW,OECD.ELS.HD:DSD_HEALTH_STAT@DF_LE(1.0),Life expectancy,I,AUS,Australia,A,Annual,LFEXP,Life expectancy,Y,Years,Y40,40 years,M,Male,_Z,Not applicable,_Z,Not applicable,_Z,Not applicable,_Z,Not applicable,_Z,Not applicable,_Z,Not applicable,_Z,Not applicable,2010,,41,,,,,,,,,,,
DATAFLOW,OECD.ELS.HD:DSD_HEALTH_STAT@DF_LE(1.0),Life expectancy,I,AUS,Australia,A,Annual,LFEXP,Life expectancy,Y,Years,Y40,40 years,M,Male,_Z,Not applicable,_Z,Not applicable,_Z,Not applicable,_Z,Not applicable,_Z,Not applicable,_Z,Not applicable,_Z,Not applicable,2011,,41.3,,,,,,,,,,,
DATAFLOW,OECD.ELS.HD:DSD_HEALTH_STAT@DF_LE(1.0),Life expectancy,I,AUS,Australia,A,Annual,LFEXP,Life expectancy,Y,Years,Y40,40 years,M,Male,_Z,Not applicable,_Z,Not applicable,_Z,Not applicable,_Z,Not applicable,_Z,Not applicable,_Z,Not applicable,_Z,Not applicable,2012,,41.4,,,,,,,,,,,
DATAFLOW,OECD.ELS.HD:DSD_HEALTH_STAT@DF_LE(1.0),Life expectancy,I,AUS,Australia,A,Annual,LFEXP,Life expectancy,Y,Years,Y40,40 years,M,Male,_Z,Not applicable,_Z,Not applicable,_Z,Not applicable,_Z,Not applicable,_Z,Not applicable,_Z,Not applicable,_Z,Not applicable,2013,,41.5,,,,,,,,,,,
DATAFLOW,OECD.ELS.HD:DSD_HEALTH_STAT@DF_LE(1.0),Life expectancy,I,AUS,Australia,A,Annual,LFEXP,Life expectancy,Y,Years,Y40,40 years,M,Male,_Z,Not applicable,_Z,Not applicable,_Z,Not applicable,_Z,Not applicable,_Z,Not applicable,_Z,Not applicable,_Z,Not applicable,2014,,41.6,,,,,,,,,,,
DATAFLOW,OECD.ELS.HD:DSD_HEALTH_STAT@DF_LE(1.0),Life expectancy,I,AUS,Australia,A,Annual,LFEXP,Life expectancy,Y,Years,Y40,40 years,M,Male,_Z,Not applicable,_Z,Not applicable,_Z,Not applicable,_Z,Not applicable,_Z,Not applicable,_Z,Not applicable,_Z,Not applicable,2015,,41.7,,,,,,,,,,,
DATAFLOW,OECD.ELS.HD:DSD_HEALTH_STAT@DF_LE(1.0),Life expectancy,I,AUS,Australia,A,Annual,LFEXP,Life expectancy,Y,Years,Y40,40 years,M,Male,_Z,Not applicable,_Z,Not applicable,_Z,Not applicable,_Z,Not applicable,_Z,Not applicable,_Z,Not applicable,_Z,Not applicable,2016,,41.8,,,,,,,,,,,
DATAFLOW,OECD.ELS.HD:DSD_HEALTH_STAT@DF_LE(1.0),Life expectancy,I,AUS,Australia,A,Annual,LFEXP,Life expectancy,Y,Years,Y40,40 years,M,Male,_Z,Not applicable,_Z,Not applicable,_Z,Not applicable,_Z,Not applicable,_Z,Not applicable,_Z,Not applicable,_Z,Not applicable,2017,,41.8,,,,,,,,,,,
DATAFLOW,OECD.ELS.HD:DSD_HEALTH_STAT@DF_LE(1.0),Life expectancy,I,AUS,Australia,A,Annual,LFEXP,Life expectancy,Y,Years,Y40,40 years,M,Male,_Z,Not applicable,_Z,Not applicable,_Z,Not applicable,_Z,Not applicable,_Z,Not applicable,_Z,Not applicable,_Z,Not applicable,2018,,42.1,,,,,,,,,,,
DATAFLOW,OECD.ELS.HD:DSD_HEALTH_STAT@DF_LE(1.0),Life expectancy,I,AUS,Australia,A,Annual,LFEXP,Life expectancy,Y,Years,Y40,40 years,M,Male,_Z,Not applicable,_Z,Not applicable,_Z,Not applicable,_Z,Not applicable,_Z,Not applicable,_Z,Not applicable,_Z,Not applicable,2019,,42.2,,,,,,,,,,,
DATAFLOW,OECD.ELS.HD:DSD_HEALTH_STAT@DF_LE(1.0),Life expectancy,I,AUS,Australia,A,Annual,LFEXP,Life expectancy,Y,Years,Y40,40 years,M,Male,_Z,Not applicable,_Z,Not applicable,_Z,Not applicable,_Z,Not applicable,_Z,Not applicable,_Z,Not applicable,_Z,Not applicable,2020,,42.5,,,,,,,,,,,
DATAFLOW,OECD.ELS.HD:DSD_HEALTH_STAT@DF_LE(1.0),Life expectancy,I,AUS,Australia,A,Annual,LFEXP,Life expectancy,Y,Years,Y40,40 years,M,Male,_Z,Not applicable,_Z,Not applicable,_Z,Not applicable,_Z,Not applicable,_Z,Not applicable,_Z,Not applicable,_Z,Not applicable,2021,,42.6,,,,,,,,,,,
